{"fffAVknOfguv5MlOyTQqfg==":"mbr-1920x1276.jpeg","oJEEnHFOdu7Z8DSHlJI5Tg==":"masbate%20walpaper-1024x503.jpg","UwVJ3BijfMFDlRolzY3YKw==":"home2-900x600.jpeg","l0rYgOMw4WxrjLZrHn9VGA==":"home1-1280x720.jpeg","WIrWN3Iu8B1Bv10YCyeKgg==":"masbate%20walpaper-1024x503.jpeg","bAqoJdUsUhV04OGEn+eSVQ==":"home3-924x540.jpg","hJpq9cr5rGdbtNsP7nYcpA==":"home3-924x540.jpeg","FP/kgLZJu3Su1A3WzIXZ5w==":"home1-1-1280x720.jpeg","oLbMJcbI8jCKb3x1dLypIg==":"home2-696x464.jpg","CL6iXU7dbPNpCt1wQOxn5w==":"ticaoislandlogo-696x391.jpg","ThX+MpsXw1l92g11SCfiWg==":"buriasislandlogo-696x466.jpg","BbBLHCTuSjbyGg9jgIbfbQ==":"masbatewall-900x600.jpg","7ZhNJKeDwqZh+XgcLGEr8w==":"masbatewall-900x600.jpeg","YUIC9Ch5zHnLzyE8PgWHmg==":"buntod1-750x563.jpg","MLEwVypenjRnzao4+9wHwQ==":"palani1-750x501.jpg","FalpquItRe4XWMlAmFQ1AA==":"puertavega1-750x563.jpg","RYbN47ZqUo87ZxZalSC4bQ==":"animasola1-750x562.jpg","tSZyNRX/ud4Q8bkfzreaZQ==":"sombrero1-750x562.jpg","v+mgBQcabOp9LjCTCYSIeQ==":"tinalisayan-259x194.jpg","6dbALq39NlpsgKd8bWyDwQ==":"haleanaturepark1-750x750.jpg","fM821ZWpglUH6ORBDAJzeA==":"catandayaganfalls1-640x427.jpg","cPUSEKRb5gpPsWDwXoN7GQ==":"burobangkaso1-1024x683.jpg","4RJduj24Fu12jXZIe9j82A==":"animasola4-800x534.jpg","m2JXwXcny21+7ub1d6e31g==":"animasola3-1076x717.jpg","x6cAb0hujFP9S9LRnM94yA==":"animasola5-1900x1423.jpg","Yhmu19NZqEbhXvS33uhgjQ==":"29095073_166352854065359_8244624444081831936_n-1080x810.jpg","xvJIwj/r5N2RLUju7hHK5Q==":"sombrero1-444x330.jpg","+jK6PNnTci+mL1OWnpB8yA==":"sombrero2-444x330.jpg","y+Iyy9K5fQks2G04yIhDJg==":"sombrero4-443x332.jpg","uvnt9Upu7CHVX4gn250nEw==":"tinalisayan4-443x332.jpg","1YPQyLOHUH9E9yi0sjnDsw==":"tinalisayan3-800x534.jpg","vk20hRrtCbuXnATWmGyNrQ==":"tinalisayan2-640x479.jpg","3wEWS24/NjtFUMQtMCWyJg==":"tinalisayan1-470x313.jpg","DBcaQ9Lo26Q26F6p9YDViQ==":"katandayagan3-750x490.jpg","hkrpu6i7SYW19nHVVDJ7Ow==":"catandayaganfalls2-427x640.jpg","TF8suVob8qNsby61n9F4Xw==":"katandayagan6-600x400.jpg","1ueDdZkrqPHohcyIk24Mqw==":"katandayagan6-427x285.jpg","xqhPwsTZjOTEd4YfS6uoVw==":"portavega6-1024x683.jpg","FuO6nzruUXcKLmCioYEKeg==":"palani4-750x562.jpg","4HjamauOn3gBrpa66zy/PQ==":"mangrove5-640x480.jpg","pDc6UI5aOUEcwrV9EjsU7w==":"batongan7-634x355.jpg","gg9M0wzneAGiWsgBsxdW5A==":"buntod2-750x750.jpg","OsT2eCsUUx0M9B0hSyhOCg==":"palani2-750x562.jpg","N27H/8stTZZUnWDR6xaVnA==":"palani3-750x562.jpg","iOUexgM347XcI9/ZVtGZiw==":"palani1-750x562.jpg","GdvF/BkVSlbluVldkRA9IQ==":"portavega5-1024x683.jpg","WnjAxbziuVUGU7XNkhqL3w==":"portavega4-768x432.jpg","cuamIES8iiz4cIP+wMqkuA==":"portavega1-1024x683.jpg","2QfMPRvrrGxxgyDQUZiDpA==":"batongan5-960x640.jpg","4hv+DQ6PxNeFQzVXQpMfRA==":"batongan2-960x640.jpg","4xrBL4Nv/DXqatoJrLag4w==":"batongan4-960x640.jpg","yuWjWww8I8+qU7JTV/hVzA==":"mangrove2-640x480.jpg","Zosz9yOYtK3H7BYFCLyK4Q==":"mangrove4-640x480.jpg","I1OQ/r4Fs1tLrLXaZBkb8w==":"mangrove3-640x480.jpg","qSJCoOma7Zj2LHo3Slon5g==":"halea1-739x415.jpg","rLUweYBtCyN5ae8iJ21l9Q==":"halea2-631x486.jpg","3MoWPOwGgdOQOzwp+LtFag==":"halea3-640x480.jpg","vcWrtP/690tLk1h+grVK4w==":"katandayagan2-739x415.jpg","QKYC/mtaIhz2TQxUBZ21zg==":"katandayagan4-731x419.jpg","iwYf/JKi//GTsS8XX+JBvA==":"katandayagan3-478x641.jpg","MUM7PLvsfbLRTObymkFnRw==":"burubangkaso2-677x453.jpg","b+bW6zEV8c+6X0iKviEr3w==":"burubangkaso1-480x480.jpg","5gtBK/VABnZWz/yMCSou7g==":"burubangkaso4-640x480.jpg","73sv9w2SepPSttX21Sl+MA==":"animasola2-678x452.jpg","5baLrxxoUXAVuBpZX31qKQ==":"animasola3-678x452.jpg","1GS9xlccuP8SF4hv88GyCg==":"animasola4-550x413.jpg","PDw3Y4d00zKiu8YYPT54Gw==":"sombrero1-678x452.jpg","x6vaZoajBUydfW2i4CBtNw==":"sombrero2-640x480.jpg","hWPBEDBmW9gqEPEBhlOEvg==":"sombrero3-678x452.jpg","1aJVgSnAKPF9u0Z4PlEfSQ==":"tinalisayan1-640x479.jpg","LSqDXNsSTe+v7RB6Q3oUuA==":"tinalisayan2-678x452.jpg","4/P92Uvy5KHJ4AYaAiVNFg==":"tinalisayan3-620x465.jpg","69WXOH0daVOWzhcZpfrhDw==":"tinigban1-470x313.jpg","MAcXWE9zEqUXeRUGfvIIfQ==":"rodeo3-650x433.jpg","7397rdL79hpxWaAjeK6JNQ==":"portavega3-768x512.jpg","RhTT2eJKR6r9SFlMA446XA==":"tinigban2-640x480.jpg","W1XbrCU47paFuNaHs2xiqA==":"tinigban3-550x413.jpg","8UBORWrSt0cAe8QlK6AFrw==":"rodeo2-650x433.jpg","P5ybDjyCT/MbEEhul787bQ==":"rodeo1-650x433.jpg","0VA8SzZ2iKd3OMay5D1IBw==":"images%20(8)-640x480.jpg","D7AiczNV86vXJB7QmnlWLA==":"buntod1-765x401.jpg","kdoG21gYKjUBp8JBJldZEw==":"buntod3-495x619.jpg","ULwuiMRVnXpWmqEat129cg==":"buntod2-728x421.jpg","mMbXMH/a39dKdbXvDyv/QQ==":"palani3-640x480.jpg","//dD9Q/h2UVvp/IRgVBMXA==":"palani1-688x445.jpg","8F+xlGiIY/SI6dkbBuyCtA==":"palani5-739x415.jpg","1emKjiI3fWyIgBdHpQu+5A==":"mayongpayong4-789x389.jpg","DdPVIVcSzFOaB97Tn92Vsw==":"mayongpayong-640x480.jpg","WCv1cavh80Sfh+05IkpK1Q==":"mayongpayong2-584x389.jpg","A/wvApcRwi6xy2oY08ZT9A==":"mayongpayong3-554x554.jpg"}